0.1667,0.1667,0.1667,0.1667,0.1667,0.1667
0.9000,0.0200,0.0200,0.0200,0.0200,0.0200
0.7000,0.0600,0.0600,0.0600,0.0600,0.0600
0.5000,0.1000,0.1000,0.1000,0.1000,0.1000
0.3000,0.1400,0.1400,0.1400,0.1400,0.1400
0.1000,0.1800,0.1800,0.1800,0.1800,0.1800
0.0200,0.9000,0.0200,0.0200,0.0200,0.0200
0.0600,0.7000,0.0600,0.0600,0.0600,0.0600
0.1000,0.5000,0.1000,0.1000,0.1000,0.1000
0.1400,0.3000,0.1400,0.1400,0.1400,0.1400
0.1800,0.1000,0.1800,0.1800,0.1800,0.1800
0.0200,0.0200,0.9000,0.0200,0.0200,0.0200
0.0600,0.0600,0.7000,0.0600,0.0600,0.0600
0.1000,0.1000,0.5000,0.1000,0.1000,0.1000
0.1400,0.1400,0.3000,0.1400,0.1400,0.1400
0.1800,0.1800,0.1000,0.1800,0.1800,0.1800
0.0200,0.0200,0.0200,0.9000,0.0200,0.0200
0.0600,0.0600,0.0600,0.7000,0.0600,0.0600
0.1000,0.1000,0.1000,0.5000,0.1000,0.1000
0.1400,0.1400,0.1400,0.3000,0.1400,0.1400
0.1800,0.1800,0.1800,0.1000,0.1800,0.1800
0.0200,0.0200,0.0200,0.0200,0.9000,0.0200
0.0600,0.0600,0.0600,0.0600,0.7000,0.0600
0.1000,0.1000,0.1000,0.1000,0.5000,0.1000
0.1400,0.1400,0.1400,0.1400,0.3000,0.1400
0.1800,0.1800,0.1800,0.1800,0.1000,0.1800
0.0200,0.0200,0.0200,0.0200,0.0200,0.9000
0.0600,0.0600,0.0600,0.0600,0.0600,0.7000
0.1000,0.1000,0.1000,0.1000,0.1000,0.5000
0.1400,0.1400,0.1400,0.1400,0.1400,0.3000
0.1800,0.1800,0.1800,0.1800,0.1800,0.1000
